n,gene,w,lnL1,w1,w2,lnL2,2dlnL,P,Pos
0,evm.model.Herato0202.2,0.09616,-649.576598,0.019719999999999998,0.14118,-647.056695,5.039806,0.024771263999999998,13548720
1,evm.model.Herato0202.3,0.06607,-741.519575,0.05025,0.08646000000000001,-741.3111309999999,0.41688799999997206,0.51849397,13525008
2,evm.model.Herato0203.3,0.03888,-2239.5294129999997,0.039830000000000004,0.03775,-2239.526511,0.00580400000035297,0.939272722,13300286
3,evm.model.Herato0203.4,0.040080000000000005,-656.433262,0.053029999999999994,0.02684,-656.144993,0.576538000000028,0.447672523,13299899
4,evm.model.Herato0204.2,0.25819000000000003,-1648.0932189999999,0.3191,0.22276999999999997,-1647.662817,0.860804000000371,0.353513796,12967438
5,evm.model.Herato0204.3,0.20678000000000002,-1575.4129269999999,0.2714,0.19595,-1575.103232,0.6193900000002939,0.431274056,12958634
6,evm.model.Herato0204.4,0.12883,-903.6561720000001,0.10300999999999999,0.15367999999999998,-903.4069999999999,0.49834399999986106,0.480228659,12949410
7,evm.model.Herato0204.6,0.09103,-2091.639569,0.0839,0.0965,-2091.594225,0.0906880000002275,0.7633043209999999,12882889
8,evm.model.Herato0204.7,0.02078,-559.063488,0.0001,0.04324,-558.345098,1.43678,0.230661118,12857899
9,evm.model.Herato0204.7.1,0.02078,-559.063488,0.0001,0.04324,-558.345098,1.43678,0.230661118,12857899
10,evm.model.Herato0204.7.2,0.02078,-559.063488,0.0001,0.04324,-558.345098,1.43678,0.230661118,12857899
11,evm.model.Herato0204.7.3,0.02078,-559.063488,0.0001,0.04324,-558.345098,1.43678,0.230661118,12857899
12,evm.model.Herato0204.7.4,0.02078,-559.063488,0.0001,0.04324,-558.345098,1.43678,0.230661118,12857899
13,evm.model.Herato0204.7.5,0.02078,-559.063488,0.0001,0.04324,-558.345098,1.43678,0.230661118,12857899
14,evm.model.Herato0204.8,0.25121,-1531.8104939999998,0.23354,0.26864,-1531.75439,0.11220800000001001,0.737644227,12850435
15,evm.model.Herato0204.9,0.22654000000000002,-1960.31628,0.17545999999999998,0.28321999999999997,-1959.4514390000002,1.7296820000001398,0.188451514,12828709
16,evm.model.Herato0204.10.1,0.1177,-1638.7592539999998,0.14254,0.09372,-1638.331675,0.8551580000003008,0.355097248,12817916
17,evm.model.Herato0204.10,0.11873,-1869.9466309999998,0.12534,0.11152999999999999,-1869.908029,0.0772040000001653,0.781122841,12817916
18,evm.model.Herato0204.11.1,0.06805,-679.947545,0.06571,0.07057000000000001,-679.945369,0.00435199999992619,0.9474019570000001,12789260
19,evm.model.Herato0204.11,0.06805,-679.947545,0.06571,0.07057000000000001,-679.945369,0.00435199999992619,0.9474019570000001,12789260
20,evm.model.Herato0204.12,0.18374000000000001,-1803.964379,0.22583000000000003,0.15506,-1803.549697,0.8293640000001691,0.3624565,12763070
21,evm.model.Herato0204.13,0.16463,-3692.3636920000004,0.21795,0.15498,-3691.6590130000004,1.40935799999988,0.235162998,12751194
22,evm.model.Herato0204.14,0.09477999999999999,-5083.483279,0.09552999999999999,0.09418,-5083.481548,0.00346200000058161,0.953080534,12689614
23,evm.model.Herato0204.16,0.09554,-2255.1823679999998,0.09066,0.10049,-2255.159791,0.0451540000003661,0.831721108,12667673
24,evm.model.Herato0204.19,0.13927,-1745.189669,0.09787,0.16904,-1744.448725,1.4818880000002501,0.22347936100000002,12622839
25,evm.model.Herato0204.22.1,0.08449,-1153.415634,0.059320000000000005,0.12390999999999999,-1153.080324,0.6706199999998721,0.41283553,12583572
26,evm.model.Herato0204.22.2,0.07557,-1125.05447,0.06456,0.09116,-1124.989299,0.13034199999992802,0.718077705,12583572
27,evm.model.Herato0204.24.1,0.25285,-4061.6462590000006,0.18617,0.30712,-4059.8682409999997,3.55603599999995,0.059329263,12567709
28,evm.model.Herato0204.24.2,0.25284,-4061.6462579999998,0.18616,0.30713,-4059.8682409999997,3.55603400000018,0.059329334000000004,12567709
29,evm.model.Herato0204.24,0.26124,-4170.631651,0.18885,0.3201,-4168.640329,3.9826439999997096,0.045971349,12567709
30,evm.model.Herato0204.25,0.07676000000000001,-1548.9617230000001,0.033710000000000004,0.1569,-1545.826015,6.27141599999959,0.012270105,12560980
31,evm.model.Herato0204.26,0.12278,-3535.725908,0.12065,0.12445999999999999,-3535.721604,0.008608000000094759,0.92607889,12558539
32,evm.model.Herato0204.31_evm.model.Herato0204.30,0.23831,-1261.920195,0.5685399999999999,0.16171,-1256.938486,9.96341799999982,0.0015968129999999999,11931286
33,evm.model.Herato0204.33,0.33515,-1159.575215,0.2562,0.40447,-1159.058905,1.03261999999995,0.30954409899999996,11916705
34,evm.model.Herato0204.34,0.09999,-1062.9053390000001,0.04684,0.17046,-1060.809371,4.19193599999971,0.040616689,11911519
35,evm.model.Herato0204.35,0.12409,-1424.305201,0.08227999999999999,0.20382,-1422.700036,3.21032999999989,0.073174725,11908109
36,evm.model.Herato0204.36,0.13066,-3966.4755200000004,0.09367,0.16254000000000002,-3964.6990170000004,3.5530060000001003,0.059437682,11783700
37,evm.model.Herato0204.37,0.06189,-1686.8147190000002,0.04055,0.08177000000000001,-1685.9411519999999,1.74713399999973,0.186237435,11772121
38,evm.model.Herato0204.38,0.0001,-992.228358,0.0001,0.0001,-992.228358,0,1,11762743
39,evm.model.Herato0204.39,0.08909,-2851.9245579999997,0.08664,0.09125,-2851.918794,0.0115279999999984,0.9144966240000001,11758830
40,evm.model.Herato0204.40,0.1565,-4013.273854,0.17777,0.13563,-4012.801703,0.9443019999998801,0.331173928,11744189
41,evm.model.Herato0204.41,0.07409,-1990.181052,0.034839999999999996,0.13485,-1986.687091,6.9879219999997995,0.008206157,11733956
42,evm.model.Herato0204.42.1,0.062110000000000005,-3005.0210859999997,0.05715,0.06752999999999999,-3004.9480519999997,0.14606800000001402,0.702321599,11631103
43,evm.model.Herato0204.42,0.05694,-3237.310448,0.05113,0.06362999999999999,-3237.1839059999998,0.25308399999994396,0.6149118610000001,11631103
44,evm.model.Herato0204.43.1,0.05776,-3296.652514,0.028310000000000002,0.10034,-3291.845748,9.6135319999994,0.0019314879999999999,11607414
45,evm.model.Herato0204.44.1,0.0001,-1118.017545,0.0001,0.0001,-1118.017545,0,1,11557694
46,evm.model.Herato0204.44.2,0.0001,-1129.863604,0.0001,0.0001,-1129.863604,0,1,11558123
47,evm.model.Herato0204.44,0.0001,-1129.863604,0.0001,0.0001,-1129.863604,0,1,11558123
48,evm.model.Herato0204.45,0.17972,-4399.036081,0.18425999999999998,0.17756,-4399.025802,0.0205580000001646,0.8859895940000001,11538395
49,evm.model.Herato0204.46,0.0717,-906.0883769999999,0.10148,0.057339999999999995,-905.758975,0.658804000000146,0.416982494,11537080
50,evm.model.Herato0204.47.1,0.27865,-2199.237153,0.19884000000000002,0.36546999999999996,-2197.7625129999997,2.94927999999982,0.085915829,11526216
51,evm.model.Herato0204.47.2,0.27865,-2199.237153,0.19884000000000002,0.36546999999999996,-2197.7625129999997,2.94927999999982,0.085915829,11526216
52,evm.model.Herato0204.47,0.27865,-2199.237153,0.19884000000000002,0.36546999999999996,-2197.7625129999997,2.94927999999982,0.085915829,11526216
53,evm.model.Herato0204.49,0.13527,-2760.73607,0.053439999999999994,0.19551,-2757.801004,5.87013200000001,0.015399897,11448152
54,evm.model.Herato0206.2,0.13856,-3197.260937,0.13322,0.14584,-3197.2319190000003,0.0580360000003566,0.80962749,11303658
55,evm.model.Herato0206.2.1.1,0.10604000000000001,-2374.248071,0.09437000000000001,0.12103,-2374.125351,0.24543999999968902,0.620304375,11304029
56,evm.model.Herato0206.2.1.2,0.10604000000000001,-2374.248071,0.09437000000000001,0.12103,-2374.125351,0.24543999999968902,0.620304375,11304029
57,evm.model.Herato0206.2.1,0.10603,-2369.790587,0.09436,0.12102,-2369.667813,0.24554799999987195,0.620227461,11304029
58,evm.model.Herato0206.2.2,0.11149,-2519.426324,0.11911,0.10267000000000001,-2519.378634,0.09537999999975,0.7574458820000001,11281122
59,evm.model.Herato0206.3,1.57097,-1673.737111,1.5131700000000001,1.62294,-1673.728157,0.0179079999998066,0.893544298,11280722
60,evm.model.Herato0206.4,0.00883,-1756.2916489999998,0.01996,0.0001,-1754.7056670000002,3.1719640000001204,0.07491231400000001,11263413
61,evm.model.Herato0206.4.1,0.00883,-1756.2916489999998,0.01996,0.0001,-1754.7056670000002,3.1719640000001204,0.07491231400000001,11263413
62,evm.model.Herato0206.4.2,0.03247,-1625.551361,0.050069999999999996,0.01905,-1624.943458,1.2158060000001598,0.2701853,11263413
63,evm.model.Herato0206.5,0.0529,-3042.529294,0.051570000000000005,0.05417,-3042.519564,0.0194599999995262,0.8890557640000001,11169330
64,evm.model.Herato0206.6,0.18199,-1358.046888,0.19334,0.17167000000000002,-1358.0141130000002,0.0655500000002576,0.797929725,11163943
65,evm.model.Herato0206.7,0.1042,-1731.2466170000002,0.08541,0.12548,-1730.928845,0.6355440000002089,0.42532900100000004,11149786
66,evm.model.Herato0206.9,0.14814000000000002,-1354.646984,0.11772,0.17094,-1354.309495,0.67497800000001,0.411321415,11142343
67,evm.model.Herato0206.9.1,0.14814000000000002,-1354.646984,0.11772,0.17094,-1354.309495,0.67497800000001,0.411321415,11142343
68,evm.model.Herato0206.9.2,0.14814000000000002,-1354.646984,0.11772,0.17094,-1354.309495,0.67497800000001,0.411321415,11142343
69,evm.model.Herato0206.10,0.12268,-868.155394,0.19602,0.08909,-867.804701,0.7013859999999571,0.40231837,11123307
70,evm.model.Herato0206.12,0.044160000000000005,-2651.411618,0.07249,0.01817,-2648.924243,4.974750000000309,0.025719921,11084674
71,evm.model.Herato0206.15,0.039810000000000005,-2654.248434,0.04315,0.03652,-2654.207511,0.0818460000000414,0.774811182,10938204
72,evm.model.Herato0206.23,0.20365999999999998,-13691.897165,0.18403,0.22754000000000002,-13690.758533000002,2.27726400000029,0.131283291,10691933
73,evm.model.Herato0206.25.1,0.038939999999999995,-1363.756936,0.06164,0.02024,-1362.869919,1.77403400000003,0.182883627,10676057
74,evm.model.Herato0206.25,0.038939999999999995,-1363.756936,0.06164,0.02024,-1362.869919,1.77403400000003,0.182883627,10676057
75,evm.model.Herato0206.27,0.0001,-752.932113,0.0001,0.0001,-752.932113,0,1,10658913
76,evm.model.Herato0206.28,0.037380000000000004,-999.3492380000001,0.01567,0.05169,-998.6977630000001,1.30295000000001,0.253675075,10655602
77,evm.model.Herato0206.32,0.2689,-1124.429952,0.33231,0.22738000000000003,-1124.054486,0.7509319999999209,0.386181314,10532529
78,evm.model.Herato0206.33,0.15595,-7529.689202,0.15214,0.16045,-7529.647815,0.0827739999986079,0.773572785,10490655
79,evm.model.Herato0206.34,0.11662,-1384.06551,0.11005,0.12480999999999999,-1384.036327,0.0583659999997508,0.809097435,10478562
80,evm.model.Herato0206.35.1,0.20077,-1431.058674,0.1927,0.21109,-1431.0384099999999,0.0405279999999948,0.8404517490000001,10474073
81,evm.model.Herato0206.35.2,0.18064000000000002,-1263.0946199999998,0.17348,0.18992,-1263.076136,0.0369680000003427,0.847530213,10474073
82,evm.model.Herato0206.35,0.20199,-1435.107569,0.19391,0.21233000000000002,-1435.087469,0.0401999999999134,0.8410900459999999,10474073
83,evm.model.Herato0206.36,0.24425999999999998,-3031.387936,0.21993000000000001,0.27566,-3031.086889,0.602093999999852,0.43778018399999996,10467319
84,evm.model.Herato0206.38,0.21616,-1193.74607,0.20301,0.22351999999999997,-1193.729531,0.0330779999999322,0.8556819370000001,10422884
85,evm.model.Herato0206.39,0.26627,-1160.5807519999998,0.41255,0.19858,-1159.477685,2.20613400000002,0.137462779,10416014
86,evm.model.Herato0206.41,0.17307999999999998,-3931.3731759999996,0.15400999999999998,0.19577,-3930.971658,0.8030360000002471,0.37018720299999996,10379121
87,evm.model.Herato0206.42,0.12523,-2199.639918,0.12638,0.1242,-2199.63873,0.0023759999994581397,0.961123127,10376974
88,evm.model.Herato0206.43,0.0438,-1654.491337,0.05542999999999999,0.03327,-1654.213718,0.555237999999918,0.456185313,10329992
89,evm.model.Herato0206.44,0.04966,-2396.0702730000003,0.0301,0.06517,-2395.2327210000003,1.6751039999999198,0.19557628800000001,10313474
90,evm.model.Herato0206.45.1,0.041639999999999996,-1469.5296039999998,0.02374,0.06681000000000001,-1468.525973,2.0072620000000803,0.156547631,10295403
91,evm.model.Herato0206.45.2,0.041639999999999996,-1469.5296039999998,0.02374,0.06681000000000001,-1468.525973,2.0072620000000803,0.156547631,10295403
92,evm.model.Herato0206.45,0.041639999999999996,-1469.5296039999998,0.02374,0.06681000000000001,-1468.525973,2.0072620000000803,0.156547631,10295403
93,evm.model.Herato0208.2,0.04069,-2928.05998,0.028739999999999998,0.054229999999999993,-2927.367835,1.38428999999996,0.239371754,10193074
94,evm.model.Herato0208.3,0.47462,-1716.356269,0.48515,0.45861,-1716.343366,0.0258060000001024,0.8723750109999999,10167756
95,evm.model.Herato0208.4,0.20993,-1217.268893,0.23797,0.17765,-1217.091756,0.354273999999805,0.551703637,10164970
96,evm.model.Herato0208.5,0.08772,-1814.5127100000002,0.10339000000000001,0.07475,-1814.2109870000002,0.6034460000000761,0.43726623299999995,10159951
97,evm.model.Herato0208.6,0.01264,-1723.375694,0.01571,0.00909,-1723.2744530000002,0.202482000000145,0.652724862,10139084
98,evm.model.Herato0208.7,0.02011,-2213.236987,0.03048,0.01085,-2212.441623,1.59072800000013,0.207222154,10127094
99,evm.model.Herato0208.11,0.24374,-1100.413268,0.039189999999999996,0.39366999999999996,-1094.565233,11.696069999999999,0.000626322,9753828
100,evm.model.Herato0208.12,0.007379999999999999,-2284.4705480000002,0.006509999999999999,0.007909999999999999,-2284.457958,0.0251799999996365,0.873919364,9744713
101,evm.model.Herato0208.15,0.06327,-1056.454206,0.04317,0.07946,-1056.104086,0.700240000000122,0.40270306299999997,9667734
102,evm.model.Herato0208.16,0.08617999999999999,-2886.687839,0.07885,0.09376,-2886.604064,0.16755000000011902,0.682298443,9628197
103,evm.model.Herato0209.1,0.01892,-748.6906700000001,0.02715,0.0001,-748.000806,1.37972799999989,0.240147484,9556422
104,evm.model.Herato0209.2,0.01258,-1712.185988,0.02657,0.0001,-1710.734456,2.90306400000009,0.088411354,9551944
105,evm.model.Herato0209.4,0.03394,-1705.1118600000002,0.01057,0.053829999999999996,-1703.659825,2.90407000000005,0.088356205,9526617
106,evm.model.Herato0209.5,0.35247,-8000.048997,0.32226,0.38575,-7999.518692000001,1.06061000000045,0.303076099,9517372
107,evm.model.Herato0209.6,0.24775999999999998,-3194.7652829999997,0.30230999999999997,0.20765,-3193.905544,1.71947799999998,0.189760252,9502756
108,evm.model.Herato0209.10,0.34641,-1649.3749599999999,0.2449,0.43964,-1648.343897,2.06212600000026,0.150999372,9432269
109,evm.model.Herato0209.12,0.21866999999999998,-859.028233,0.23019,0.20819000000000001,-859.0177630000001,0.0209400000001096,0.884942528,9415846
110,evm.model.Herato0209.18,0.29601,-1868.127681,0.37355,0.26161,-1867.6747940000002,0.905773999999838,0.34123819299999997,9264332
111,evm.model.Herato0209.20,0.25995,-1327.8678320000001,0.49527,0.17924,-1326.21521,3.3052439999996697,0.06905909,9220608
112,evm.model.Herato0209.21.1,0.02044,-2112.0090579999996,0.007940000000000001,0.02988,-2111.11132,1.7954760000002399,0.180260388,9213650
113,evm.model.Herato0209.21,0.02037,-2107.498415,0.007909999999999999,0.02978,-2106.600904,1.79502200000024,0.180315478,9213650
114,evm.model.Herato0209.22,0.05003,-1268.438065,0.036239999999999994,0.05906,-1268.283147,0.309835999999905,0.57778084,9204181
115,evm.model.Herato0209.25.1,0.030610000000000002,-716.690034,0.022340000000000002,0.04847,-716.558925,0.262217999999848,0.608600438,9194818
116,evm.model.Herato0209.26,0.12546,-941.617524,0.10167000000000001,0.14804,-941.384285,0.466478000000052,0.494611931,9191773
117,evm.model.Herato0209.27,0.10165,-1303.185886,0.05899,0.12850999999999999,-1302.444023,1.48372599999993,0.22319246399999998,9190018
118,evm.model.Herato0209.28,0.31526,-1762.7981170000003,0.41508,0.25218,-1761.875896,1.84444200000007,0.17443120899999998,9186800
119,evm.model.Herato0209.29.1,0.03779,-1658.139302,0.01265,0.06735,-1655.471598,5.33540799999992,0.020896448999999997,9169437
120,evm.model.Herato0209.29.2,0.03779,-1658.139302,0.01265,0.06735,-1655.471597,5.33541000000014,0.020896425,9169437
121,evm.model.Herato0209.29,0.03779,-1658.139302,0.01265,0.06735,-1655.471597,5.33541000000014,0.020896425,9169437
122,evm.model.Herato0209.30,0.15257,-537.090904,0.16673,0.14624,-537.081066,0.0196760000001177,0.888445745,9167480
123,evm.model.Herato0209.31.1,0.0614,-3225.658155,0.05947,0.0636,-3225.644808,0.0266940000001341,0.870216898,9150818
124,evm.model.Herato0209.31,0.06763,-3420.3304270000003,0.07235,0.06273,-3420.26306,0.134733999999298,0.7135732920000001,9150502
125,evm.model.Herato0209.32,0.047439999999999996,-3482.009583,0.03851,0.05445,-3481.8369,0.345366000000467,0.55674812,9133078
126,evm.model.Herato0209.34,0.02376,-1124.016603,0.018009999999999998,0.02828,-1123.9506689999998,0.13186799999994,0.716503041,9091224
127,evm.model.Herato0209.35,0.017269999999999997,-1841.6834350000001,0.01785,0.01672,-1841.681434,0.00400199999967299,0.949558382,9083636
128,evm.model.Herato0209.36,0.03949,-4556.953449000001,0.028489999999999998,0.04652,-4556.402656,1.10158599999886,0.293918307,9079952
129,evm.model.Herato0209.37,0.02738,-4183.693576,0.02277,0.031639999999999995,-4183.516717,0.35371799999848,0.5520159689999999,9074986
130,evm.model.Herato0209.42,0.1491,-3218.5392100000004,0.12437999999999999,0.16827999999999999,-3217.999143,1.08013399999982,0.298667581,9001321
131,evm.model.Herato0209.43,0.09156,-1421.083173,0.03734,0.13342,-1419.160734,3.8448779999998797,0.049898152,8995503
132,evm.model.Herato0209.44,0.15111,-1335.859249,0.11045999999999999,0.18558,-1335.342474,1.0335500000000999,0.309326331,8989044
133,evm.model.Herato0209.45,0.08388999999999999,-3754.25179,0.08297,0.08488,-3754.2500240000004,0.00353199999972276,0.952609115,8961686
134,evm.model.Herato0209.50,0.05546,-2146.456384,0.05508,0.0557,-2146.456122,0.000524000000041269,0.981737183,8857560
135,evm.model.Herato0209.51,0.0486,-712.732716,0.13088,0.021480000000000003,-711.776077,1.9132779999999898,0.166599587,8851833
136,evm.model.Herato0209.52,0.10973,-4534.926393,0.0992,0.11706,-4534.795712,0.261361999999281,0.6091859829999999,8845545
137,evm.model.Herato0209.53.1,0.5200600000000001,-1350.700516,0.73364,0.33674,-1349.633167,2.1346980000003,0.143998822,8835096
138,evm.model.Herato0209.53,0.5200600000000001,-1350.700516,0.73364,0.33674,-1349.633167,2.1346980000003,0.143998822,8835096
139,evm.model.Herato0209.54,0.19906,-1081.35068,0.36634,0.1416,-1079.758987,3.1833860000001604,0.07439042900000001,8827773
140,evm.model.Herato0209.58,0.15037999999999999,-4220.960883,0.10203,0.20565999999999998,-4216.535260000001,8.85124600000017,0.002928889,8798173
141,evm.model.Herato0209.59,0.19564,-4232.462072,0.23137,0.16997,-4231.687807,1.5485300000000302,0.21335258399999998,8784288
142,evm.model.Herato0209.60.1,0.12094,-3319.227248,0.10558,0.13388,-3319.0207,0.413096000000223,0.5204022660000001,8771286
143,evm.model.Herato0209.60,0.12094,-3319.227248,0.10558,0.13388,-3319.0207,0.413096000000223,0.5204022660000001,8771286
144,evm.model.Herato0209.61.1,0.08452,-3199.065725,0.09838999999999999,0.07205,-3198.698356,0.734738000000107,0.391351716,8718289
145,evm.model.Herato0209.61.2,0.08803,-2958.832504,0.1021,0.07532,-2958.488675,0.687657999999828,0.40696212600000004,8734611
146,evm.model.Herato0209.61,0.09168,-3649.888414,0.10149,0.08353,-3649.7178740000004,0.341080000000147,0.559206488,8711046
147,evm.model.Herato0209.62.1,0.01683,-2494.465632,0.017159999999999998,0.01659,-2494.464692,0.00187999999980093,0.9654153870000001,8703930
148,evm.model.Herato0209.62,0.01683,-2494.465632,0.017159999999999998,0.01659,-2494.464692,0.00187999999980093,0.9654153870000001,8703930
149,evm.model.Herato0209.63,0.01685,-3373.2094880000004,0.011909999999999999,0.02484,-3372.804323,0.810330000000249,0.368022704,8674195
150,evm.model.Herato0209.64,0.07468999999999999,-925.443557,0.05969,0.10007,-925.1745609999999,0.537992000000031,0.4632661,8673596
151,evm.model.Herato0209.66.1,0.11717999999999999,-10333.639629000001,0.13166,0.10619,-10333.014744,1.24976999999853,0.26359641100000003,8599240
152,evm.model.Herato0209.66,0.11784000000000001,-10500.273609,0.13252,0.10672000000000001,-10499.635014,1.2771900000007,0.258422162,8598547
153,evm.model.Herato0209.67.1,0.07894,-2009.910743,0.07679,0.08097,-2009.905819,0.00984799999969255,0.9209500270000001,8536781
154,evm.model.Herato0209.67.2,0.0258,-1736.957419,0.0316,0.02022,-1736.842343,0.230152000000089,0.631411146,8536781
155,evm.model.Herato0209.67.3,0.0258,-1736.957419,0.03161,0.02022,-1736.842343,0.230152000000089,0.631411146,8536781
156,evm.model.Herato0209.67.4,0.0258,-1736.957419,0.03161,0.02022,-1736.842343,0.230152000000089,0.631411146,8536781
157,evm.model.Herato0209.67.5,0.02556,-1763.566084,0.031310000000000004,0.020030000000000003,-1763.4510510000002,0.23006600000007899,0.631474895,8536781
158,evm.model.Herato0209.67.6,0.0258,-1736.957419,0.03161,0.02022,-1736.842343,0.230152000000089,0.631411146,8536781
159,evm.model.Herato0209.68,0.0525,-1890.817981,0.031219999999999998,0.07525,-1889.834163,1.9676359999998603,0.160699011,8525530
160,evm.model.Herato0209.69.1.1,0.21511,-2526.3240969999997,0.15666,0.30774,-2524.350393,3.9474080000000002,0.046943624,8497807
161,evm.model.Herato0209.69.1.2,0.18783,-2400.248078,0.13080999999999998,0.27915999999999996,-2397.9859100000003,4.5243360000004005,0.033416041,8497807
162,evm.model.Herato0209.69.1.3,0.25926,-2838.650951,0.20886999999999997,0.33066999999999996,-2837.4028120000003,2.49627800000053,0.114115711,8503729
163,evm.model.Herato0209.69.1,0.26665,-3379.095747,0.2126,0.3443,-3377.548604,3.09428599999956,0.078567613,8497807
164,evm.model.Herato0209.70.1,0.31843,-595.3009059999999,0.304,0.33018000000000003,-595.291374,0.0190640000000712,0.890183163,8489951
165,evm.model.Herato0209.70.2,0.31843,-595.3009059999999,0.304,0.33018000000000003,-595.291374,0.0190640000000712,0.890183163,8489951
166,evm.model.Herato0209.70,0.31843,-595.3009059999999,0.304,0.33018000000000003,-595.291374,0.0190640000000712,0.890183163,8489951
167,evm.model.Herato0209.71,0.08576,-4277.240321,0.10289000000000001,0.07252,-4276.6868460000005,1.10695000000123,0.292745913,8464049
168,evm.model.Herato0210.3,0.04637,-5407.311691,0.02474,0.06752999999999999,-5404.148972999999,6.32543599999917,0.011901822,8429500
169,evm.model.Herato0210.4,0.013000000000000001,-876.573453,0.0001,0.029910000000000003,-874.9816900000001,3.18352600000003,0.07438405599999999,8428171
170,evm.model.Herato0210.5,0.07362,-1259.033491,0.05343,0.09838,-1258.511293,1.04439599999978,0.306801278,8426336
171,evm.model.Herato0210.6,0.032330000000000005,-1007.7434539999999,0.011040000000000001,0.062470000000000005,-1006.3358380000001,2.8152320000001496,0.09337339800000001,8392240
172,evm.model.Herato0210.6.1,0.032330000000000005,-1007.7434539999999,0.011040000000000001,0.062470000000000005,-1006.3358380000001,2.8152320000001496,0.09337339800000001,8392240
173,evm.model.Herato0210.6.2,0.03325,-936.12356,0.01155,0.06277,-934.787489,2.67214199999989,0.102118504,8400553
174,evm.model.Herato0210.7,0.19808,-1510.147451,0.23091,0.1701,-1509.88301,0.528882000000067,0.46707727,8350159
175,evm.model.Herato0210.8,0.00912,-5777.975842,0.00707,0.01166,-5777.763083,0.42551800000001094,0.514196433,8315432
176,evm.model.Herato0210.8.1,0.00913,-5764.676614,0.00707,0.01167,-5764.463889,0.42545000000063704,0.514230052,8315432
177,evm.model.Herato0210.8.2,0.00968,-5253.186936,0.00733,0.012740000000000001,-5252.928851,0.5161700000007841,0.47248004,8315432
178,evm.model.Herato0210.9,0.08262,-1078.694223,0.07986,0.08621000000000001,-1078.687905,0.0126359999999295,0.910498355,8255129
179,evm.model.Herato0210.10,0.13748,-1166.206163,0.14159000000000002,0.132,-1166.195608,0.0211100000001352,0.884479693,8250807
180,evm.model.Herato0210.11,0.22741999999999998,-2410.9517690000002,0.23748000000000002,0.21664,-2410.908979,0.0855799999999363,0.7698733259999999,8246852
181,evm.model.Herato0210.12,0.17762,-1043.101333,0.18022,0.1749,-1043.099109,0.00444800000013856,0.946825846,8242313
182,evm.model.Herato0211.1,0.00958,-2195.8571079999997,0.01269,0.00644,-2195.698431,0.317354000000705,0.57320215,8101163
183,evm.model.Herato0211.1.1,0.00978,-2143.306928,0.013309999999999999,0.00639,-2143.121453,0.37094999999953904,0.542486892,8106837
184,evm.model.Herato0211.1.2,0.00969,-2124.845241,0.01319,0.00633,-2124.659677,0.371127999999771,0.542390053,8106837
185,evm.model.Herato0211.2,0.04832,-2729.852536,0.05306,0.042910000000000004,-2729.742814,0.219443999999385,0.639463889,8085374
186,evm.model.Herato0211.2.1,0.04832,-2729.852536,0.05306,0.042910000000000004,-2729.742814,0.219443999999385,0.639463889,8085374
187,evm.model.Herato0211.6,0.06535,-2417.950066,0.06879,0.0617,-2417.921037,0.0580579999996189,0.809592104,7912854
188,evm.model.Herato0211.7,0.0001,-719.205279,0.0001,0.0001,-719.205279,0,1,7909493
189,evm.model.Herato0211.8,0.02817,-1098.460402,0.01732,0.03753,-1098.058033,0.804737999999816,0.36968055,7907494
190,evm.model.Herato0211.9,0.05134,-2209.595871,0.045439999999999994,0.0575,-2209.4838219999997,0.224097999999685,0.635935032,7904987
191,evm.model.Herato0211.10,0.026000000000000002,-4825.874624,0.02129,0.03077,-4825.612171,0.524906000000556,0.468756392,7898569
192,evm.model.Herato0211.11,0.0001,-518.291471,0.0001,0.0001,-518.291471,0,1,7895320
193,evm.model.Herato0211.12,0.11571,-2214.917025,0.09869,0.13374,-2214.673081,0.487888000000567,0.484870935,7890771
194,evm.model.Herato0211.13,0.05459,-1582.630108,0.06375,0.04582,-1582.5474769999998,0.165261999999984,0.684357412,7883138
195,evm.model.Herato0211.14,0.01431,-3932.116811,0.01007,0.01917,-3931.731019,0.771584000000075,0.379727475,7865374
196,evm.model.Herato0211.15,0.06545,-952.4959240000001,0.060629999999999996,0.07314,-952.472234,0.0473799999999756,0.8276866490000001,7864091
197,evm.model.Herato0211.16,0.060489999999999995,-1048.472086,0.06835,0.05076,-1048.4057189999999,0.1327339999998,0.715614007,7862262
198,evm.model.Herato0211.17.1,0.21398000000000003,-6609.2664700000005,0.21438000000000001,0.21356999999999998,-6609.266301,0.00033799999982875295,0.985331897,7840026
199,evm.model.Herato0211.17.2,0.21141,-7407.349826000001,0.19747,0.22678,-7407.092056999999,0.515537999999651,0.472751276,7838159
200,evm.model.Herato0211.17,0.21141,-7407.349826000001,0.19747,0.22678,-7407.092056999999,0.515537999999651,0.472751276,7838159
201,evm.model.Herato0211.19,0.12125999999999999,-3304.467554,0.13473,0.10985999999999999,-3304.321293,0.292521999999735,0.588608888,7811212
202,evm.model.Herato0211.20,0.0394,-1011.111142,0.0001,0.06723,-1009.1508759999999,3.92053199999987,0.047699784,7807280
203,evm.model.Herato0211.21,0.04214,-1923.767971,0.03422,0.05097,-1923.5253920000002,0.48515799999995596,0.48609519700000003,7780668
204,evm.model.Herato0211.23.1,0.04973,-6428.893128,0.03927,0.060779999999999994,-6428.1300630000005,1.5261300000001898,0.216694193,7730878
205,evm.model.Herato0211.23,0.03889,-7900.495243,0.02628,0.052570000000000006,-7898.5814900000005,3.82750600000145,0.050417900999999994,7725071
206,evm.model.Herato0211.25,0.0001,-881.756051,0.0001,0.0001,-881.756051,0,1,7718214
207,evm.model.Herato0211.26_evm.model.Herato0211.29,0.026000000000000002,-4756.205911,0.0197,0.03305,-4755.74426,0.923301999999239,0.336609466,7664102
208,evm.model.Herato0211.28,0.10718,-993.251032,0.07038,0.17025,-991.9782529999999,2.54555800000003,0.110604831,7670864
209,evm.model.Herato0211.30,0.02196,-1364.767156,0.02538,0.01729,-1364.7195789999998,0.0951539999996385,0.757724405,7660925
210,evm.model.Herato0211.31.1,0.0211,-846.2644130000001,0.01814,0.022969999999999997,-846.2472130000001,0.0344000000000051,0.85285855,7656763
211,evm.model.Herato0211.31,0.0211,-846.2644130000001,0.01814,0.022969999999999997,-846.2472130000001,0.0344000000000051,0.85285855,7656763
212,evm.model.Herato0211.32.1,0.047369999999999995,-5775.237785,0.05536,0.03805,-5774.8383189999995,0.798931999999695,0.371412876,7584397
213,evm.model.Herato0211.32.2,0.047369999999999995,-5775.237785,0.05536,0.03805,-5774.8383189999995,0.798931999999695,0.371412876,7584397
214,evm.model.Herato0211.32,0.047369999999999995,-5775.237785,0.05536,0.03805,-5774.8383189999995,0.798931999999695,0.371412876,7584397
215,evm.model.Herato0211.33,0.22118000000000002,-3942.069957,0.19203,0.2526,-3941.4471240000003,1.2456660000007098,0.264381865,7538307
216,evm.model.Herato0211.34,0.09539,-7011.663987000001,0.07739,0.11384000000000001,-7010.480906000001,2.36616200000026,0.12399156,7517697
217,evm.model.Herato0211.35.1,0.03415,-3529.749545,0.02069,0.05069,-3527.9979329999996,3.50322400000005,0.06124948400000001,7499239
218,evm.model.Herato0211.35.2,0.04844,-3946.57726,0.02496,0.07691,-3942.723247,7.708026000000251,0.005497584,7499239
219,evm.model.Herato0211.35.3,0.03927,-3376.614335,0.013030000000000002,0.07138,-3371.1596600000003,10.909350000000801,0.0009568010000000001,7509082
220,evm.model.Herato0211.35,0.04844,-3946.57726,0.02496,0.07691,-3942.723247,7.708026000000251,0.005497584,7499239
221,evm.model.Herato0211.36,0.22855,-1429.478277,0.19455,0.26295,-1429.1842609999999,0.5880319999996569,0.44318114299999994,7480765
222,evm.model.Herato0211.37,0.14637,-1256.3345630000001,0.16066,0.1385,-1256.289905,0.0893159999995987,0.765048527,7472965
223,evm.model.Herato0211.38,0.22539,-1536.206302,0.23525,0.21452,-1536.175666,0.0612719999999172,0.8044966720000001,7454690
224,evm.model.Herato0211.39,0.08258,-6155.707504,0.08914,0.07815,-6155.591313,0.232382000000143,0.6297632089999999,7398988
225,evm.model.Herato0211.40,0.02145,-3323.1183960000003,0.030969999999999998,0.01178,-3322.051999,2.1327940000001,0.144177746,7385916
226,evm.model.Herato0211.41,0.05722000000000001,-3442.1401990000004,0.04608,0.06698,-3441.811021,0.658355999999912,0.41714093799999996,7383238
227,evm.model.Herato0211.42,0.09815,-3086.674034,0.09047000000000001,0.10618,-3086.56517,0.217728000000534,0.640776548,7368098
228,evm.model.Herato0211.43.1,0.12654,-2707.137956,0.09492,0.1536,-2706.256708,1.76249600000028,0.18431349100000002,7358067
229,evm.model.Herato0211.43,0.10930999999999999,-3348.606111,0.07762000000000001,0.13713,-3347.268582,2.6750579999998103,0.101931615,7358067
230,evm.model.Herato0211.45,0.00366,-1965.3778920000002,0.0001,0.00645,-1964.826983,1.1018180000000901,0.293867475,7320394
231,evm.model.Herato0211.46,0.19966,-2078.18828,0.16321,0.23310999999999998,-2077.6440420000004,1.0884759999999,0.296809125,7309696
232,evm.model.Herato0211.47,0.014980000000000002,-1856.019923,0.0001,0.02584,-1854.4428309999998,3.1541839999999906,0.075732547,7301352
233,evm.model.Herato0211.57,0.10312,-1515.9943230000001,0.08671,0.11606,-1515.846526,0.29559399999971003,0.586657863,6759451
234,evm.model.Herato0211.58,0.0517,-389.752392,0.18791,0.0001,-386.54610499999995,6.41257399999995,0.011331504,6745397
235,evm.model.Herato0211.59,0.16277,-1385.6598279999998,0.13804,0.19480999999999998,-1385.345717,0.628222000000278,0.428008247,6741086
236,evm.model.Herato0211.60,0.14367,-2272.55232,0.11780999999999998,0.16197,-2272.138723,0.8271939999995079,0.36308517,6734409
237,evm.model.Herato0211.62.1,0.19875,-8773.564233,0.20245,0.19635999999999998,-8773.551054000001,0.0263579999991634,0.871029085,6680572
238,evm.model.Herato0211.62,0.18561,-8938.201275,0.19095,0.18215,-8938.169703,0.0631439999997383,0.801594004,6680572
239,evm.model.Herato0211.64,0.14512,-3314.160906,0.19413,0.11213,-3312.290886,3.7400400000005902,0.053123174,6665661
240,evm.model.Herato0211.65,0.20511999999999997,-3227.775689,0.20477,0.20544,-3227.775614,0.00014999999984866,0.9902281940000001,6660538
241,evm.model.Herato0211.66,0.05965,-3147.770639,0.037489999999999996,0.0878,-3145.109852,5.3215739999995995,0.021062978,6648421
242,evm.model.Herato0211.70,0.09647,-3773.1990090000004,0.06761,0.11473,-3771.645624,3.10676999999941,0.07796744,6272904
243,evm.model.Herato0211.71,0.13566,-1376.6349519999999,0.13345,0.13674,-1376.633644,0.00261600000021645,0.959208506,6266852
244,evm.model.Herato0211.72,0.17379,-2688.347628,0.13246,0.20858000000000002,-2687.313409,2.06843800000024,0.150375468,6265304
245,evm.model.Herato0211.73,0.08882000000000001,-858.321,0.06955,0.09838999999999999,-858.369569,0,1,6264708
246,evm.model.Herato0211.74.1,0.0034,-9358.839103,0.0031899999999999997,0.0035600000000000002,-9358.832231999999,0.0137419999991835,0.906680745,6236069
247,evm.model.Herato0211.74.2,0.0034100000000000003,-9363.647307,0.0032,0.0035600000000000002,-9363.640428,0.0137579999973241,0.9066266820000001,6236069
248,evm.model.Herato0211.74,0.0034100000000000003,-9363.647307,0.0032,0.0035600000000000002,-9363.640428,0.0137579999973241,0.9066266820000001,6236069
249,evm.model.Herato0211.75,0.012240000000000001,-1542.609702,0.013309999999999999,0.011770000000000001,-1542.604998,0.00940799999989395,0.922730488,6232353
250,evm.model.Herato0211.76,0.0001,-741.106309,0.0001,0.0001,-741.106309,0,1,6231023
251,evm.model.Herato0211.78,0.23116,-4741.277308,0.24931999999999999,0.21995,-4741.135663,0.28328999999939697,0.594552898,6205129
252,evm.model.Herato0211.79,0.07106,-1561.5957230000001,0.05836,0.08488,-1561.394718,0.40200999999979103,0.526053031,6193719
253,evm.model.Herato0211.80,0.11874000000000001,-1280.132274,0.16187,0.0903,-1279.384307,1.49593400000003,0.22129804399999997,6186797
254,evm.model.Herato0211.81,0.01146,-1692.924786,0.0001,0.02226,-1689.760226,6.32911999999988,0.011877124,6184872
255,evm.model.Herato0211.84,0.02315,-2909.643093,0.017240000000000002,0.02947,-2909.225594,0.8349980000002691,0.360831275,5779449
256,evm.model.Herato0211.86,0.2463,-1956.104843,0.45529,0.15367,-1951.253382,9.702921999999939,0.001839752,5747247
257,evm.model.Herato0211.87,0.24761,-1601.074143,0.2521,0.24506999999999998,-1601.071618,0.0050500000002102795,0.943347335,5715523
258,evm.model.Herato0211.88,0.34213000000000005,-1820.860565,0.29745,0.37454,-1820.6712719999998,0.37858599999981396,0.538360958,5694718
259,evm.model.Herato0211.89,0.20581,-2000.394556,0.1896,0.21691999999999997,-2000.321677,0.14575800000011402,0.702622581,5661543
260,evm.model.Herato0211.90,0.20881,-1713.235323,0.18025,0.22541999999999998,-1713.0752690000002,0.320108000000346,0.5715427479999999,5627339
261,evm.model.Herato0211.91,0.28255,-1012.9452259999999,0.27551,0.28728000000000004,-1012.942143,0.006166000000121129,0.9374113340000001,5592138
262,evm.model.Herato0211.95,0.15615,-1097.651793,0.16291,0.15068,-1097.637419,0.0287480000001779,0.8653621979999999,5467494
263,evm.model.Herato0211.96,0.24423000000000003,-641.607359,0.23814000000000002,0.24711999999999998,-641.605757,0.00320399999986876,0.9548607379999999,5462593
264,evm.model.Herato0211.101,0.11846,-2006.234868,0.08567999999999999,0.14152,-2005.5053149999999,1.45910599999979,0.227072419,5203773
265,evm.model.Herato0211.102,0.09336,-2343.650786,0.05517999999999999,0.1257,-2341.5429280000003,4.21571600000061,0.04005116,5175785
266,evm.model.Herato0211.103,0.11412,-7683.6422,0.10612,0.11955,-7683.4700680000005,0.344264000001203,0.55737824,5154417
267,evm.model.Herato0211.104,0.20626,-828.5880940000001,0.18517,0.2409,-828.494304,0.18757999999979802,0.664938441,5145259
268,evm.model.Herato0211.105,0.12709,-941.4349900000001,0.08639,0.14714000000000002,-941.019535,0.830909999999903,0.362009525,5125602
269,evm.model.Herato0212.2,0.026139999999999997,-1339.456234,0.015790000000000002,0.03887,-1339.186937,0.5385940000001029,0.46301600299999995,5087931
270,evm.model.Herato0213.2,0.27166999999999997,-4046.601364,0.2779,0.26903,-4046.592109,0.0185099999998783,0.8917805990000001,4915330
271,evm.model.Herato0213.2.1,0.26633,-3715.154547,0.25251999999999997,0.27186,-3715.1118539999998,0.0853859999997439,0.7701269609999999,4915330
272,evm.model.Herato0214.4,0.0823,-4758.6375880000005,0.07035,0.09183999999999999,-4758.153340999999,0.968493999998827,0.325056058,4813829
273,evm.model.Herato0214.5,0.1284,-1729.5684620000002,0.10879000000000001,0.14296,-1729.395766,0.34539199999972003,0.55673327,4811828
274,evm.model.Herato0214.6,0.35516,-2175.6364519999997,0.43326000000000003,0.3093,-2175.1601370000003,0.9526300000006809,0.329050756,4801280
275,evm.model.Herato0214.8,0.26381,-3343.768712,0.22338000000000002,0.29841,-3343.169066,1.19929200000024,0.27346323100000003,4797741
276,evm.model.Herato0214.9,0.05036,-568.78038,0.07075,0.02334,-568.2712019999999,1.01835600000004,0.312909288,4786622
277,evm.model.Herato0214.10.1,0.00561,-925.7743960000001,0.0001,0.01288,-924.970027,1.60873800000013,0.204669291,4783945
278,evm.model.Herato0214.10.2,0.00561,-925.7743960000001,0.0001,0.01288,-924.970027,1.60873800000013,0.204669291,4783945
279,evm.model.Herato0214.10,0.00561,-925.7743960000001,0.0001,0.01288,-924.970027,1.60873800000013,0.204669291,4783945
280,evm.model.Herato0214.11,0.11214,-1260.557526,0.08591,0.141,-1260.074692,0.9656680000002779,0.32576294899999997,4781295
281,evm.model.Herato0214.12,0.02167,-1097.291509,0.0001,0.034910000000000004,-1095.06769,4.44763799999964,0.034949555,4778233
282,evm.model.Herato0214.14.1,0.01526,-1333.01337,0.0118,0.01789,-1332.956708,0.11332399999992,0.736391087,4737244
283,evm.model.Herato0214.14.2,0.01526,-1333.01337,0.0118,0.01789,-1332.956708,0.11332399999992,0.736391087,4737244
284,evm.model.Herato0214.14.3,0.01526,-1333.01337,0.0118,0.01789,-1332.956708,0.11332399999992,0.736391087,4737244
285,evm.model.Herato0214.14.4,0.01526,-1333.01337,0.00271,0.48532,-1358.489212,0,1,4737244
286,evm.model.Herato0214.14,0.01526,-1333.01337,0.0118,0.01789,-1332.956708,0.11332399999992,0.736391087,4737244
287,evm.model.Herato0214.15,0.02828,-1067.858675,0.0377,0.02051,-1067.657841,0.40166799999997205,0.526229087,4734068
288,evm.model.Herato0214.17,0.03147,-583.8141509999999,0.07157000000000001,0.014790000000000001,-583.049241,1.52981999999997,0.216139462,4713347
289,evm.model.Herato0214.18,0.03174,-3783.981219,0.02083,0.04442,-3782.910949,2.14053999999942,0.14345139199999998,4674129
290,evm.model.Herato0214.19,0.0892,-4680.554940999999,0.06919,0.11004000000000001,-4679.389023,2.3318360000012,0.126752303,4626048
291,evm.model.Herato0214.20.1,0.04618,-3189.608162,0.08199,0.01275,-3183.880005,11.456314,0.000712515,4598244
292,evm.model.Herato0214.20.2,0.04627,-3211.471861,0.08215,0.01278,-3205.7446170000003,11.4544880000003,0.000713215,4598244
293,evm.model.Herato0214.20,0.04627,-3211.471861,0.08215,0.01278,-3205.7446170000003,11.4544880000003,0.000713215,4598244
294,evm.model.Herato0214.22,0.05225,-1831.661284,0.06691,0.03637,-1831.320604,0.6813600000000409,0.409118806,4503535
295,evm.model.Herato0214.23,0.04987,-3103.248913,0.050460000000000005,0.049339999999999995,-3103.24778,0.0022659999995084897,0.9620330229999999,4461499
296,evm.model.Herato0214.24,0.02162,-1775.702991,0.01944,0.02337,-1775.683712,0.0385580000001937,0.844326907,4455272
297,evm.model.Herato0214.25,0.049139999999999996,-1480.446103,0.04961,0.04888,-1480.445747,0.000712000000021362,0.9787123109999999,4449895
298,evm.model.Herato0214.26.1,0.059489999999999994,-2364.230478,0.05002,0.06861,-2364.054955,0.35104599999976893,0.553521611,4426091
299,evm.model.Herato0214.26.2,0.059489999999999994,-2364.230478,0.05002,0.06861,-2364.054955,0.35104599999976893,0.553521611,4426091
300,evm.model.Herato0214.26.3,0.059489999999999994,-2364.230478,0.05002,0.06861,-2364.054955,0.35104599999976893,0.553521611,4426091
301,evm.model.Herato0214.26.4,0.06616,-1767.548391,0.05471,0.0785,-1767.360251,0.37627999999995204,0.5396008720000001,4436752
302,evm.model.Herato0214.26.5,0.06616,-1767.548391,0.05471,0.0785,-1767.360251,0.37627999999995204,0.5396008720000001,4436752
303,evm.model.Herato0214.26,0.059489999999999994,-2364.230478,0.05002,0.06861,-2364.054955,0.35104599999976893,0.553521611,4426091
304,evm.model.Herato0214.27.1,0.15966,-5992.840843,0.13037,0.17932,-5991.909177,1.86333199999899,0.17224073199999998,4420952
305,evm.model.Herato0214.27.2,0.15966,-5992.840843,0.13037,0.17932,-5991.909177,1.86333199999899,0.17224073199999998,4420952
306,evm.model.Herato0214.27,0.15966,-5992.840843,0.13037,0.17932,-5991.909177,1.86333199999899,0.17224073199999998,4420952
307,evm.model.Herato0214.28.1,0.06059,-2510.077228,0.03985,0.08355,-2508.6712190000003,2.81201800000053,0.093560617,4409516
308,evm.model.Herato0214.28,0.061529999999999994,-3065.5338420000003,0.05085,0.07281,-3065.104779,0.858126000000084,0.35426364899999996,4408966
309,evm.model.Herato0214.30,0.03427,-4843.472884000001,0.027089999999999996,0.03986,-4843.0177189999995,0.910329999998794,0.340026875,4387017
310,evm.model.Herato0214.32,0.08761000000000001,-368.07563799999997,0.0329,0.15008,-366.802232,2.54681200000005,0.11051705699999999,4381904
311,evm.model.Herato0214.33.1,0.35138,-2552.0701559999998,0.33893,0.36177,-2552.050027,0.0402579999999944,0.840976979,4376534
312,evm.model.Herato0214.33,0.35138,-2552.0701559999998,0.33893,0.36177,-2552.050027,0.0402579999999944,0.840976979,4376534
313,evm.model.Herato0214.34,0.13433,-4262.035465,0.13576,0.13324,-4262.032878,0.0051739999998972105,0.9426572,4361995
314,evm.model.Herato0214.35.1,0.06141,-6785.375056,0.07145,0.05342,-6785.076018000001,0.598076000000219,0.43931306200000003,4313346
315,evm.model.Herato0214.35.2,0.05633,-6865.885837999999,0.06744,0.04693,-6865.4445049999995,0.882665999999517,0.347472522,4313346
316,evm.model.Herato0214.35.3,0.05631,-6958.050397,0.06772,0.04673,-6957.588223999999,0.924345999999787,0.336336436,4313346
317,evm.model.Herato0214.35,0.06027999999999999,-7103.552464,0.0684,0.053520000000000005,-7103.33842,0.428088000000571,0.512928632,4313346
318,evm.model.Herato0214.36,0.28031,-1510.277589,0.32964,0.23575,-1509.758429,1.03832000000011,0.308212518,4306253
319,evm.model.Herato0214.37,0.04122,-2303.895688,0.03748,0.044719999999999996,-2303.841639,0.1080979999997,0.742320014,4292708
320,evm.model.Herato0214.38,0.12822999999999998,-1735.0129379999998,0.12105,0.1338,-1734.9843879999999,0.0570999999999913,0.811139653,4289000
321,evm.model.Herato0214.39.1,0.18550999999999998,-2925.1344710000003,0.1824,0.18784,-2925.1293570000003,0.0102280000000974,0.919444426,4279794
322,evm.model.Herato0214.39.2,0.18395,-3475.249871,0.17734,0.18855,-3475.223772,0.0521980000003168,0.819281796,4269015
323,evm.model.Herato0214.39,0.19316,-3417.1563189999997,0.20085999999999998,0.18779,-3417.1255979999996,0.0614420000001701,0.804231148,4270465
324,evm.model.Herato0214.40.1,0.0604,-7684.5185,0.0407,0.07602,-7682.410763,4.21547400000054,0.040056874,4245634
325,evm.model.Herato0214.40,0.060360000000000004,-7671.814681,0.04068,0.07597999999999999,-7669.707197,4.21496800000023,0.040068822000000004,4245634
326,evm.model.Herato0214.41,0.03023,-5021.002874,0.029089999999999998,0.03136,-5020.986876,0.0319959999997081,0.8580364359999999,4234101
327,evm.model.Herato0214.45,0.03613,-1726.548573,0.010620000000000001,0.06027999999999999,-1723.3220350000001,6.453076000000241,0.011076042,4057387
328,evm.model.Herato0214.47,0.050789999999999995,-756.196395,0.05385,0.04805,-756.18812,0.016550000000052,0.89763713,3984006
329,evm.model.Herato0214.48,0.027739999999999997,-1406.5077130000002,0.03775,0.01984,-1406.271378,0.47267000000010706,0.49176140100000004,3964999
330,evm.model.Herato0214.49.1,0.036239999999999994,-1551.798879,0.00868,0.06021,-1549.447202,4.70335399999976,0.030103816000000002,3954855
331,evm.model.Herato0214.49.2,0.0364,-1570.2882730000001,0.00872,0.06046,-1567.937482,4.701581999999691,0.030134868,3954855
332,evm.model.Herato0214.49,0.03632,-1565.6991070000001,0.008709999999999999,0.060329999999999995,-1563.3491210000002,4.69997199999989,0.030163109,3954855
333,evm.model.Herato0214.50,0.29481999999999997,-2410.851102,0.35796999999999995,0.2443,-2410.10797,1.4862640000001202,0.22279702699999998,3942317
334,evm.model.Herato0214.51,0.13733,-3015.1222989999997,0.14303,0.13243,-3015.0905629999997,0.0634719999998197,0.801090146,3928420
335,evm.model.Herato0214.52.1,0.11037000000000001,-2371.801217,0.13151,0.09047999999999999,-2371.247932,1.10656999999992,0.292828772,3911190
336,evm.model.Herato0214.52,0.0859,-3189.76817,0.09821,0.07477,-3189.4297469999997,0.6768459999993871,0.410674913,3911190
337,evm.model.Herato0214.53,0.24374,-3142.531634,0.19434,0.29411,-3141.462662,2.13794400000006,0.14369436300000002,3888121
338,evm.model.Herato0214.54,0.08461,-3491.1668549999995,0.08573,0.08365,-3491.1634590000003,0.00679200000013225,0.934317829,3874997
339,evm.model.Herato0214.55,0.17507,-5913.796725,0.17318,0.17625,-5913.793344,0.00676200000089011,0.93446272,3838516
340,evm.model.Herato0215.1,0.045160000000000006,-1699.267976,0.04935,0.0416,-1699.236503,0.0629460000000108,0.8018988359999999,3741013
341,evm.model.Herato0215.1.1,0.045160000000000006,-1699.267976,0.04935,0.0416,-1699.236503,0.0629460000000108,0.8018988359999999,3741013
342,evm.model.Herato0215.2,0.04208,-1591.034958,0.044489999999999995,0.03924,-1591.022839,0.0242379999999685,0.876280864,3727449
343,evm.model.Herato0215.2.1,0.04208,-1591.034958,0.044489999999999995,0.03924,-1591.022839,0.0242379999999685,0.876280864,3727449
344,evm.model.Herato0215.4,0.3334,-1888.601011,0.17455,0.46298999999999996,-1884.97546,7.25110199999972,0.0070857509999999995,3576223
345,evm.model.Herato0215.5,0.2025,-1014.107909,0.16962,0.26961,-1013.502311,1.21119599999997,0.27109538699999997,3565736
346,evm.model.Herato0215.10,0.09176000000000001,-4955.566511999999,0.08252000000000001,0.10047,-4955.346457,0.440110000001368,0.507069368,3355231
347,evm.model.Herato0215.11,0.14987999999999999,-1739.767734,0.12944,0.17002,-1739.565858,0.4037520000001679,0.525157902,3347862
348,evm.model.Herato0215.12,0.64935,-744.075033,0.46837,0.8932100000000001,-743.566863,1.0163399999999,0.31338874699999997,3334849
349,evm.model.Herato0215.13,0.33158000000000004,-761.975915,0.26100999999999996,0.38161999999999996,-761.7439049999999,0.464019999999891,0.495751189,3325361
350,evm.model.Herato0215.15.1,0.14605,-1938.3603269999999,0.15582000000000001,0.1375,-1938.305036,0.11058200000025001,0.7394825079999999,3290818
351,evm.model.Herato0215.15,0.14605,-1938.3603269999999,0.15582000000000001,0.1375,-1938.305036,0.11058200000025001,0.7394825079999999,3290818
352,evm.model.Herato0215.17,0.026160000000000003,-2404.835421,0.026680000000000002,0.025419999999999998,-2404.834096,0.00265000000035798,0.9589445120000001,3114586
353,evm.model.Herato0215.22,0.1179,-1829.2570230000001,0.09164,0.15578,-1828.433059,1.6479279999998702,0.19924117600000002,2988242
354,evm.model.Herato0215.23,0.02628,-1110.0082830000001,0.03028,0.02192,-1109.951313,0.11393999999972901,0.73570233,2985294
355,evm.model.Herato0215.24,0.05816,-2791.4560539999998,0.0444,0.07145,-2790.906128,1.09985200000028,0.29429858600000003,2975832
356,evm.model.Herato0215.26,0.26431,-1100.882315,0.28276999999999997,0.24616999999999997,-1100.838436,0.0877580000001217,0.7670469809999999,2967016
357,evm.model.Herato0215.29,0.00421,-1869.7245920000003,0.0001,0.00759,-1869.149891,1.14940200000001,0.283674367,2877595
358,evm.model.Herato0215.30,0.06547,-1035.042717,0.0807,0.05375,-1034.805159,0.4751160000000711,0.49064293700000006,2874792
359,evm.model.Herato0215.31.1,0.20711999999999997,-1996.440889,0.30023,0.10837000000000001,-1992.782575,7.3166280000000405,0.006831948000000001,2868476
360,evm.model.Herato0215.31.2,0.20711999999999997,-1996.440889,0.30023,0.10837000000000001,-1992.782575,7.3166280000000405,0.006831948000000001,2868476
361,evm.model.Herato0215.32.4.1,0.1931,-10223.991479,0.16238,0.22778,-10222.079062,3.8248339999991,0.05049835,2804779
362,evm.model.Herato0215.33,0.03439,-1402.94638,0.02705,0.04713,-1402.682238,0.528283999999985,0.467329196,2793907
363,evm.model.Herato0215.34,0.030510000000000002,-1677.4784240000001,0.01756,0.048389999999999996,-1676.4774929999999,2.00186199999962,0.157106114,2783966
364,evm.model.Herato0215.35,0.0962,-5341.747181000001,0.0637,0.13121,-5338.147282,7.19979799999965,0.007291179,2760418
365,evm.model.Herato0215.36.1,0.06867000000000001,-4264.564849,0.0261,0.11940999999999999,-4258.722907,11.683883999999999,0.000630438,2734193
366,evm.model.Herato0215.36.2,0.0695,-4125.1168609999995,0.02695,0.1219,-4119.477862,11.2779980000014,0.0007843110000000001,2734193
367,evm.model.Herato0215.36,0.06861,-4268.171340999999,0.026080000000000002,0.11930999999999999,-4262.3294399999995,11.6838019999996,0.000630466,2734193
368,evm.model.Herato0215.37,0.21066,-3806.3235659999996,0.19973,0.22249000000000002,-3806.223413,0.20030599999972798,0.654473965,2722388
369,evm.model.Herato0215.38.1,0.20451,-20018.112105,0.16097999999999998,0.23476999999999998,-20014.01285,8.19851000000199,0.004192481,2693435
370,evm.model.Herato0215.38,0.10385,-722.542833,0.013040000000000001,0.24900999999999998,-716.072605,12.940456,0.000321557,2693435
371,evm.model.Herato0215.39,0.37614000000000003,-678.437374,0.5346,0.22734000000000001,-677.274264,2.32621999999992,0.127210452,2681922
372,evm.model.Herato0215.41,0.1282,-677.849877,0.11989000000000001,0.13582,-677.836984,0.0257859999999255,0.8724240520000001,2633808
373,evm.model.Herato0215.42,0.03544,-1330.29214,0.03125,0.04091,-1330.243525,0.097229999999854,0.75517941,2566965
374,evm.model.Herato0215.43,0.19196,-1369.37748,0.14687999999999998,0.24655,-1368.716761,1.3214380000004,0.250334138,2529547
375,evm.model.Herato0215.47.1,0.03556,-2634.552159,0.02705,0.04502,-2634.261518,0.5812820000001011,0.445810256,2318494
376,evm.model.Herato0215.47.2,0.032010000000000004,-2549.280548,0.02706,0.0375,-2549.1708719999997,0.21935200000007196,0.639534106,2318494
377,evm.model.Herato0215.47.3,0.03558,-2638.856805,0.02706,0.04504,-2638.566195,0.58122000000003,0.44583451700000004,2318494
378,evm.model.Herato0215.47,0.03458,-2690.829359,0.02585,0.04465,-2690.494184,0.670349999999416,0.41292960799999995,2318494
379,evm.model.Herato0215.48.1,0.023030000000000002,-1330.07485,0.01238,0.0323,-1329.705454,0.7387920000001029,0.39004811899999997,2295187
380,evm.model.Herato0215.48.2,0.0165,-1269.386244,0.0001,0.0308,-1267.5871359999999,3.59821599999987,0.057841612,2295187
381,evm.model.Herato0215.48.3,0.014830000000000001,-1443.924773,0.0001,0.02692,-1442.2046,3.44034599999986,0.063622368,2295187
382,evm.model.Herato0215.48.4,0.02507,-1680.013268,0.0001,0.04782,-1676.958077,6.1103819999998406,0.013439008,2295187
383,evm.model.Herato0215.48.5,0.02723,-1541.472233,0.0001,0.05172,-1538.452402,6.0396620000001295,0.013987962,2303452
384,evm.model.Herato0215.48,0.025490000000000002,-1643.231588,0.0001,0.0479,-1640.249506,5.964163999999981,0.014599521,2295187
385,evm.model.Herato0215.49,0.11598,-5098.551078,0.10944000000000001,0.12314000000000001,-5098.462314,0.177528000000166,0.6735063020000001,2269823
386,evm.model.Herato0215.50,0.02044,-1728.391052,0.01876,0.0236,-1728.3620649999998,0.057973999999830994,0.809727254,2215479
387,evm.model.Herato0215.51,0.0001,-555.925756,0.0001,0.0001,-555.925756,0,1,2214184
388,evm.model.Herato0215.52,0.13998,-1313.553708,0.23271999999999998,0.05557,-1310.453583,6.20024999999987,0.012773227,2213390
389,evm.model.Herato0215.53,0.23961999999999997,-3240.146122,0.20051,0.2779,-3239.7661399999997,0.759963999999854,0.383339789,2209745
390,evm.model.Herato0215.54.1,0.0511,-6202.950586,0.03522,0.06775,-6200.721099,4.45897399999922,0.034718345,2190712
391,evm.model.Herato0215.54.2,0.05367,-5083.1486859999995,0.03874,0.06884,-5081.6676210000005,2.96213000000171,0.085235591,2193393
392,evm.model.Herato0215.54,0.05195,-7089.131265999999,0.03573,0.06885,-7086.635889,4.99075400000038,0.025483102999999997,2189059
393,evm.model.Herato0215.56,0.024419999999999997,-3440.585093,0.02229,0.027999999999999997,-3440.504007,0.16217200000028198,0.6871646309999999,2164177
394,evm.model.Herato0215.57.1,0.10092999999999999,-7412.524814,0.07328,0.12212999999999999,-7410.300498999999,4.44863000000078,0.034929258,2133987
395,evm.model.Herato0215.57,0.09994,-7802.053790000001,0.07387,0.1201,-7799.9390140000005,4.22955200000069,0.039725925,2133987
396,evm.model.Herato0215.58.1,0.30630999999999997,-2056.245948,0.31164000000000003,0.3004,-2056.2405280000003,0.010840000000826,0.917077833,2101603
397,evm.model.Herato0215.58,0.25328,-2495.761226,0.26438,0.24223000000000003,-2495.722855,0.0767420000001948,0.7817620890000001,2100012
398,evm.model.Herato0215.59,0.14139000000000002,-1733.04344,0.1274,0.1545,-1732.9477160000001,0.191448000000037,0.661714182,2060575
399,evm.model.Herato0215.60.1,0.0575,-5040.539057,0.03752,0.08256000000000001,-5038.407513,4.2630879999997005,0.038949059,1949399
400,evm.model.Herato0215.60.2,0.05705,-5219.186919,0.03744,0.08133,-5217.123424,4.12698999999884,0.042204356,1949399
401,evm.model.Herato0215.60,0.05705,-5219.186919,0.03744,0.08133,-5217.123424,4.12698999999884,0.042204356,1949399
402,evm.model.Herato0215.61,0.04326,-874.5284740000001,0.03559,0.05511,-874.444453,0.168042000000014,0.6818578390000001,1939151
403,evm.model.Herato0215.62,0.1381,-1710.880652,0.07808999999999999,0.20690999999999998,-1709.377745,3.0058140000001004,0.082966295,1938094
404,evm.model.Herato0215.63,0.08686,-3257.856708,0.07929,0.09415,-3257.700537,0.31234199999926193,0.576246584,1905512
405,evm.model.Herato0215.64.1,0.04152,-1597.3269619999999,0.0309,0.05234,-1597.087323,0.479278000000249,0.488749535,1865825
406,evm.model.Herato0215.64,0.04492,-1638.8974560000001,0.029289999999999997,0.06131,-1638.3861220000001,1.0226680000000699,0.311886987,1865825
407,evm.model.Herato0215.65,0.25801999999999997,-3146.07237,0.22041,0.29809,-3145.510521,1.1236979999994199,0.28912357,1855301
408,evm.model.Herato0215.66,0.09557,-3564.9828119999997,0.10219,0.0884,-3564.9083549999996,0.148914000000332,0.6995753459999999,1843927
409,evm.model.Herato0215.68.2,0.1604,-2955.0574690000003,0.13475,0.18950999999999998,-2954.582458,0.95002199999999,0.329713697,1764919
410,evm.model.Herato0215.69,0.06277,-1992.2522609999999,0.07762999999999999,0.04716,-1991.7954129999998,0.913696000000073,0.339135659,1758765
411,evm.model.Herato0215.70.1,0.02758,-4790.487169,0.006679999999999999,0.05,-4785.3179549999995,10.3384279999991,0.001302889,1710605
412,evm.model.Herato0215.70,0.02731,-4919.889107,0.0066099999999999996,0.0495,-4914.715714,10.3467860000001,0.0012970030000000001,1710605
413,evm.model.Herato0215.71,0.09097000000000001,-2109.847118,0.07873,0.10522999999999999,-2109.567042,0.560152000000016,0.454199006,1718042
414,evm.model.Herato0215.72,0.058539999999999995,-3229.671726,0.05176,0.06738999999999999,-3229.521093,0.301266000000396,0.583089839,1696848
415,evm.model.Herato0215.73,0.00323,-1943.759475,0.0001,0.0072299999999999994,-1942.974371,1.57020800000009,0.21017681,1692029
416,evm.model.Herato0215.76.1,0.39316999999999996,-1357.283114,0.27569,0.63421,-1355.38329,3.7996480000001602,0.051263359,1603429
417,evm.model.Herato0215.76,0.22934000000000002,-1562.162144,0.14907,0.44026000000000004,-1558.670865,6.982557999999701,0.008230788000000001,1603429
418,evm.model.Herato0215.79,0.00499,-1223.350087,0.00908,0.0001,-1222.767292,1.16559000000007,0.280309233,1559144
419,evm.model.Herato0215.81,0.042480000000000004,-2005.462445,0.01167,0.08995,-2001.076959,8.7709719999998,0.0030606229999999997,1478414
420,evm.model.Herato0215.82,0.10893,-3441.3506799999996,0.10357999999999999,0.11481,-3441.2881369999996,0.12508600000001,0.723582466,1468429
421,evm.model.Herato0215.83,0.025269999999999997,-4412.071838,0.02399,0.02659,-4412.041911,0.0598539999991772,0.8067268479999999,1464965
422,evm.model.Herato0215.84,0.05744,-2687.3592670000003,0.05101,0.06423,-2687.238342,0.24184999999943105,0.622873129,1455075
423,evm.model.Herato0215.86,0.45215,-2113.2387510000003,0.5201899999999999,0.37895999999999996,-2112.700053,1.07739599999968,0.29928082,1434083
424,evm.model.Herato0215.89.1,0.01323,-3895.843428,0.01116,0.015359999999999999,-3895.758215,0.170426000000589,0.679733485,1265940
425,evm.model.Herato0215.89.2,0.01323,-3895.843428,0.01116,0.015359999999999999,-3895.758215,0.170426000000589,0.679733485,1265940
426,evm.model.Herato0215.89.3,0.02217,-4022.998107,0.025230000000000002,0.01895,-4022.8845509999996,0.22711199999957896,0.633673555,1265940
427,evm.model.Herato0215.89.4,0.013680000000000001,-3790.6317990000002,0.01166,0.015719999999999998,-3790.557465,0.148667999999816,0.6998115290000001,1265940
428,evm.model.Herato0215.89.5,0.01526,-3870.869678,0.011559999999999999,0.01889,-3870.6456840000005,0.44798799999989597,0.503291973,1265940
429,evm.model.Herato0215.89,0.01526,-3870.869678,0.011559999999999999,0.01889,-3870.6456840000005,0.44798799999989597,0.503291973,1265940
430,evm.model.Herato0215.90.1,0.10309000000000001,-2605.61404,0.12009,0.09018999999999999,-2605.363778,0.500524000000041,0.47926997200000004,1254626
431,evm.model.Herato0215.90,0.1145,-3184.840166,0.1276,0.1024,-3184.640312,0.399707999999919,0.527240096,1254496
432,evm.model.Herato0215.91,0.05226,-437.40076,0.0001,0.14803,-434.69223600000004,5.417048000000019,0.019941048,1248167
433,evm.model.Herato0215.92,0.15852,-2511.874709,0.19789,0.12370999999999999,-2510.817002,2.1154140000007797,0.14582261900000001,1244289
434,evm.model.Herato0215.93.1,0.00773,-4395.830147,0.00367,0.01226,-4395.205027,1.2502399999993898,0.263506644,1222091
435,evm.model.Herato0215.93,0.00589,-4265.322179,0.00372,0.0083,-4265.096735,0.450887999999395,0.501913559,1222219
436,evm.model.Herato0215.94.1,0.08857999999999999,-1400.5080619999999,0.10584,0.07356,-1400.3863279999998,0.243468000000121,0.621712487,1217994
437,evm.model.Herato0215.94.2,0.08857999999999999,-1400.5080619999999,0.10584,0.07356,-1400.3863279999998,0.243468000000121,0.621712487,1217994
438,evm.model.Herato0215.94.3,0.08857999999999999,-1400.5080619999999,0.10584,0.07356,-1400.3863279999998,0.243468000000121,0.621712487,1217994
439,evm.model.Herato0215.94.4,0.08857999999999999,-1400.5080619999999,0.10584,0.07356,-1400.3863279999998,0.243468000000121,0.621712487,1217994
440,evm.model.Herato0215.94,0.08857999999999999,-1400.5080619999999,0.10584,0.07356,-1400.3863279999998,0.243468000000121,0.621712487,1217994
441,evm.model.Herato0215.95.1,0.06595,-4234.297154999999,0.04165,0.10025,-4232.170409,4.25349199999982,0.039169711,1205451
442,evm.model.Herato0215.95,0.06601,-4217.5437520000005,0.04168,0.10035,-4215.416803,4.25389799999903,0.039160348,1205451
443,evm.model.Herato0215.96,0.14159000000000002,-4074.235881,0.13660999999999998,0.14698,-4074.2077170000002,0.0563280000005761,0.812396752,1166166
444,evm.model.Herato0215.97.1,0.16495,-3300.018035,0.11710999999999999,0.23409000000000002,-3297.853473,4.32912399999987,0.037465523,1152216
445,evm.model.Herato0215.97.2,0.17246,-2669.97371,0.13434000000000001,0.23015,-2668.889275,2.1688700000004197,0.140829686,1152216
446,evm.model.Herato0215.97,0.16495,-3300.018035,0.11710999999999999,0.23409000000000002,-3297.853473,4.32912399999987,0.037465523,1152216
447,evm.model.Herato0215.98,0.15169000000000002,-1567.798207,0.11452000000000001,0.19062,-1567.204371,1.18767200000002,0.275799645,1144236
448,evm.model.Herato0215.100,0.04016,-6577.100285,0.03069,0.05407000000000001,-6575.930122,2.34032600000137,0.126063173,1109277
449,evm.model.Herato0215.101,0.0001,-502.061459,0.0001,0.0001,-502.061459,0,1,1104618
450,evm.model.Herato0215.102.1,0.0998,-6501.597702,0.09267,0.1075,-6501.427344,0.340716000000612,0.559416224,1066090
451,evm.model.Herato0215.102,0.10762000000000001,-6974.319288,0.10196000000000001,0.11379,-6974.218128,0.20231999999850797,0.65285469,1062574
452,evm.model.Herato0215.105,0.03105,-2051.4175370000003,0.02079,0.041210000000000004,-2050.964409,0.906255999999303,0.341109768,1004393
453,evm.model.Herato0215.106,0.07293,-2114.093214,0.049589999999999995,0.10365,-2112.873393,2.43964200000028,0.118303225,981540
454,evm.model.Herato0215.107,0.0445,-2798.620593,0.03439,0.05608,-2798.18548,0.870226000000002,0.35089275,969171
455,evm.model.Herato0215.108,0.0345,-792.801321,0.03464,0.03437,-792.8013070000001,2.80000001566805e-05,0.995778011,961633
456,evm.model.Herato0215.109,0.15334,-828.368826,0.17418,0.13234,-828.2875889999999,0.162473999999975,0.686888904,958295
457,evm.model.Herato0215.110,0.19083,-7020.466408,0.19383,0.18805999999999998,-7020.455309,0.0221980000005715,0.881561577,953857
458,evm.model.Herato0215.111,0.14334000000000002,-1480.824733,0.12290999999999999,0.16382,-1480.7223199999999,0.20482599999968398,0.650853317,947356
459,evm.model.Herato0215.112,0.25841,-743.336311,0.22532,0.30888000000000004,-743.169808,0.33300600000006897,0.563894385,945633
460,evm.model.Herato0215.113,0.17939000000000002,-3593.30616,0.22585,0.07802,-3586.70087,13.2105799999999,0.000278373,941127
461,evm.model.Herato0215.115,0.0041,-2086.754617,0.0001,0.00895,-2085.995743,1.5177480000002102,0.217960606,936674
462,evm.model.Herato0215.116,0.02745,-2252.855544,0.024059999999999998,0.02955,-2252.8155739999997,0.079939999999624,0.777378737,872126
463,evm.model.Herato0215.117,0.16829000000000002,-6121.438888000001,0.17117000000000002,0.16557,-6121.426990999999,0.0237939999988157,0.877410224,847282
464,evm.model.Herato0215.118,0.027089999999999996,-3284.6165079999996,0.03395,0.01929,-3284.303075,0.626866000000518,0.428507221,711447
465,evm.model.Herato0215.119,0.3828,-478.19917599999997,0.31818,0.45733999999999997,-478.068158,0.26203600000008,0.608724833,705886
466,evm.model.Herato0215.120,0.10707,-1423.129702,0.05387,0.17188,-1421.048399,4.16260599999987,0.041325776,676612
467,evm.model.Herato0215.121,0.18313,-2080.892812,0.18123,0.18491,-2080.891208,0.00320800000008603,0.9548326,670054
468,evm.model.Herato0215.122,0.13459000000000002,-1124.857659,0.10013999999999999,0.17445,-1124.178422,1.3584740000001099,0.243802126,647172
469,evm.model.Herato0215.123.1,0.11699999999999999,-1933.128026,0.057260000000000005,0.19625,-1929.88007,6.49591200000032,0.010812282,634049
470,evm.model.Herato0215.123,0.11264,-1799.180855,0.05043,0.19863,-1795.505353,7.3510040000001,0.006702532,634049
471,evm.model.Herato0215.126,0.07057000000000001,-3373.631506,0.06118,0.08018,-3373.3921979999996,0.47861600000032894,0.489049881,419178
472,evm.model.Herato0215.127.1,0.3442,-5017.561079,0.32947,0.36251,-5017.469561,0.183036000000357,0.668777029,411236
473,evm.model.Herato0215.127.2,0.34862,-4953.546315,0.33025,0.37259000000000003,-4953.403976,0.284677999999985,0.593651354,411236
474,evm.model.Herato0215.127.3,0.35841999999999996,-5125.330789,0.34611,0.37427,-5125.268258,0.12506199999916098,0.7236078979999999,411236
475,evm.model.Herato0215.127,0.35144000000000003,-5123.008364,0.33337,0.37453000000000003,-5122.870235,0.27625799999987105,0.5991644110000001,411236
476,evm.model.Herato0215.128_evm.model.Herato0215.129.1,0.076,-3729.153522,0.07849,0.07264,-3729.125947,0.0551500000001397,0.8143326320000001,380196
477,evm.model.Herato0215.128_evm.model.Herato0215.129,0.11821,-4758.058746,0.10709,0.13185,-4757.716372999999,0.6847459999989951,0.40795723100000003,380196
478,evm.model.Herato0215.130,0.17465999999999998,-3664.253721,0.15615,0.18608,-3664.055222,0.39699800000016705,0.528643701,359341
479,evm.model.Herato0215.131,0.0001,-430.83627199999995,0.0001,0.0001,-430.83627199999995,0,1,352299
480,evm.model.Herato0215.136,0.12992,-6690.0069920000005,0.13071,0.1293,-6690.005629,0.00272599999880185,0.9583604809999999,257385
481,evm.model.Herato0215.138,0.39176,-4689.2567070000005,0.3592,0.42126,-4688.999243,0.51492799999869,0.473013309,169464
482,evm.model.Herato0215.140,0.0001,-692.640309,0.0001,0.0001,-692.640309,0,1,134400
483,evm.model.Herato0215.141,0.0625,-2143.5120190000002,0.12053,0.01944,-2138.80073,9.4225779999997,0.0021433,128816
484,evm.model.Herato0215.143,0.44982,-3184.477593,0.46391000000000004,0.43976000000000004,-3184.458312,0.0385619999997289,0.844318935,110277
485,evm.model.Herato0215.145,0.08718,-970.9965050000001,0.03805,0.12284,-969.894192,2.2046259999999602,0.137597265,9396
486,evm.model.Herato0215.151,0.16869,-2403.3165089999998,0.17324,0.16289,-2403.30256,0.0278980000002775,0.8673488490000001,2093518
487,novel_model_17,1.17721,-580.901034,0.9233399999999999,1.67955,-580.435131,0.931806000000051,0.33439407600000004,10157521
488,novel_model_20,0.21934,-972.697099,0.29349000000000003,0.17655,-972.1119150000001,1.17036800000005,0.27932563899999996,6315374